{
  "rule" : "default_component_owner",
  "assignments" : [
    {
      "mergeKey" : "0d70b0708a2488c0da4f9d5b0b633cb0",
      "cimUsername" : null,
      "ldapServer" : null
    },
    {
      "mergeKey" : "1183f56a7fd4b34603f13e704e2ccc95",
      "cimUsername" : null,
      "ldapServer" : null
    },
    {
      "mergeKey" : "34a39f9aecae7a08c8654f70e07294df",
      "cimUsername" : null,
      "ldapServer" : null
    },
    {
      "mergeKey" : "7f84fffa81d06adbd0da68031bb15548",
      "cimUsername" : null,
      "ldapServer" : null
    },
    {
      "mergeKey" : "90c2ada79eee121f46dc1dba7ca09048",
      "cimUsername" : null,
      "ldapServer" : null
    }
  ]
}
