<error>
<domain>STATIC_JAVA</domain>
<lang>Java</lang>
<checker>FB.DM_DEFAULT_ENCODING</checker>
<file>/home/ejmcalis/Parser.java</file>
<function>Parser.parse()</function>
<ordered>true</ordered>
<event>
<main>true</main>
<tag>defect</tag>
<description>{CovLStr{v1}{Found reliance on default encoding: {0}.}{new java.io.FileReader(String)}}</description>
<line>15</line>
</event>
<extra></extra>
<subcategory>none</subcategory>
<properties>
<property>
<key>fb.priority</key>
<value>High</value>
</property>
</properties>
<typePropertiesGroup>
<category>FindBugs: Internationalization</category>
<impact>Low</impact>
<type>Dm: Dubious method used</type>
<localEffect></localEffect>
<longDescription>Found a call to a method which will perform a byte to String (or String to byte) conversion, and will assume that the default platform encoding is suitable. (&lt;a href=&quot;/docs/en/findbugs/fb_checker_ref.html#FB.DM_DEFAULT_ENCODING&quot; target=&quot;_blank&quot;&gt;From FindBugs&amp;#x2122; description&lt;/a&gt;)</longDescription>
<qualityKind>true</qualityKind>
</typePropertiesGroup>
</error>
<error>
<domain>STATIC_JAVA</domain>
<lang>Java</lang>
<checker>FB.URF_UNREAD_FIELD</checker>
<file>/home/ejmcalis/CallGraph.java</file>
<function>unknown</function>
<ordered>true</ordered>
<event>
<main>true</main>
<tag>defect</tag>
<description>{CovLStr{v1}{Unread field: {0}.}{CallGraph.bugList}}</description>
<line>17</line>
</event>
<extra></extra>
<subcategory>none</subcategory>
<properties>
<property>
<key>fb.priority</key>
<value>Medium</value>
</property>
</properties>
<typePropertiesGroup>
<category>FindBugs: Performance</category>
<impact>Low</impact>
<type>UrF: Unread field</type>
<localEffect></localEffect>
<longDescription>This field is never read. (&lt;a href=&quot;/docs/en/findbugs/fb_checker_ref.html#FB.URF_UNREAD_FIELD&quot; target=&quot;_blank&quot;&gt;From FindBugs&amp;#x2122; description&lt;/a&gt;)</longDescription>
<qualityKind>true</qualityKind>
</typePropertiesGroup>
</error>
