<?xml version="1.0" encoding="UTF-8"?>

<BugCollection version="3.0.0-dev-20140429-1103397" sequence="0" timestamp="1459383770000" analysisTimestamp="1459383772271" release="">
  <Project projectName="coverityEmit">
    <Jar>/home/ejmcalis/sa_output/intermediate_r00/output/java-private/coverity_ac.jar</Jar>
    <AuxClasspathEntry>/home/ejmcalis/sa_output/intermediate_r00/output/java-private/coverity_cp_n_jars.jar</AuxClasspathEntry>
  </Project>
  <BugInstance type="URF_UNREAD_FIELD" priority="2" abbrev="UrF" category="PERFORMANCE" instanceHash="6b24ba4309ee4f689d576054cfdb74dd" instanceOccurrenceNum="0" instanceOccurrenceMax="0" rank="18">
    <ShortMessage></ShortMessage>
    <LongMessage>-[CovLStr-[v1]--[Unread field: -[0]-.]--[CallGraph.bugList]-]-</LongMessage>
    <Class classname="CallGraph" primary="true">
      <SourceLine classname="CallGraph" start="13" end="114" sourcefile="CallGraph.java" sourcepath="CallGraph.java">
        <Message>-[CovLStr-[v1]--[Here]-]-</Message>
      </SourceLine>
      <Message>-[CovLStr-[v1]--[In class -[0]-]--[CallGraph]-]-</Message>
    </Class>
    <Field classname="CallGraph" name="bugList" signature="Ljava/util/Map;" isStatic="false" primary="true">
      <SourceLine classname="CallGraph" sourcefile="CallGraph.java" sourcepath="CallGraph.java">
        <Message>-[CovLStr-[v1]--[In this file]-]-</Message>
      </SourceLine>
      <Message>-[CovLStr-[v1]--[Field -[0]-]--[CallGraph.bugList]-]-</Message>
    </Field>
    <SourceLine classname="CallGraph" primary="true" start="17" end="17" startBytecode="45" endBytecode="45" sourcefile="CallGraph.java" sourcepath="CallGraph.java">
      <Message>-[CovLStr-[v1]--[Here]-]-</Message>
    </SourceLine>
  </BugInstance>
  <BugInstance type="DM_DEFAULT_ENCODING" priority="1" abbrev="Dm" category="I18N" instanceHash="f705e5f915ceefc03ad83e8f1cb77a5e" instanceOccurrenceNum="0" instanceOccurrenceMax="0" rank="19">
    <ShortMessage></ShortMessage>
    <LongMessage>-[CovLStr-[v1]--[Found reliance on default encoding: -[0]-.]--[new java.io.FileReader(String)]-]-</LongMessage>
    <Class classname="Parser" primary="true">
      <SourceLine classname="Parser" start="5" end="63" sourcefile="Parser.java" sourcepath="Parser.java">
        <Message>-[CovLStr-[v1]--[Here]-]-</Message>
      </SourceLine>
      <Message>-[CovLStr-[v1]--[In class -[0]-]--[Parser]-]-</Message>
    </Class>
    <Method classname="Parser" name="parse" signature="()LCallGraph;" isStatic="false" primary="true">
      <SourceLine classname="Parser" start="15" end="55" startBytecode="0" endBytecode="404" sourcefile="Parser.java" sourcepath="Parser.java"/>
      <Message>-[CovLStr-[v1]--[In method -[0]-]--[Parser.parse()]-]-</Message>
    </Method>
    <Method classname="java.io.FileReader" name="&lt;init&gt;" signature="(Ljava/lang/String;)V" isStatic="false" role="METHOD_CALLED">
      <SourceLine classname="java.io.FileReader" start="58" end="59" startBytecode="0" endBytecode="68" sourcefile="FileReader.java" sourcepath="java/io/FileReader.java"/>
      <Message>-[CovLStr-[v1]--[Called method -[0]-]--[new java.io.FileReader(String)]-]-</Message>
    </Method>
    <SourceLine classname="Parser" primary="true" start="15" end="15" startBytecode="12" endBytecode="12" sourcefile="Parser.java" sourcepath="Parser.java">
      <Message>-[CovLStr-[v1]--[Here]-]-</Message>
    </SourceLine>
  </BugInstance>
  <BugCategory category="PERFORMANCE">
    <Description>Performance</Description>
  </BugCategory>
  <BugCategory category="I18N">
    <Description>Internationalization</Description>
  </BugCategory>
  <BugPattern type="URF_UNREAD_FIELD" abbrev="UrF" category="PERFORMANCE">
    <ShortDescription></ShortDescription>
    <Details><![CDATA[]]></Details>
  </BugPattern>
  <BugPattern type="DM_DEFAULT_ENCODING" abbrev="Dm" category="I18N">
    <ShortDescription></ShortDescription>
    <Details><![CDATA[]]></Details>
  </BugPattern>
  <BugCode abbrev="UrF">
    <Description>Unread field</Description>
  </BugCode>
  <BugCode abbrev="Dm">
    <Description>Dubious method used</Description>
  </BugCode>
  <Errors errors="0" missingClasses="0"></Errors>
  <FindBugsSummary timestamp="Wed, 30 Mar 2016 20:22:50 -0400" total_classes="4" referenced_classes="31" total_bugs="2" total_size="150" num_packages="1" java_version="1.8.0_45" vm_version="25.45-b02" cpu_seconds="7.09" clock_seconds="1.56" peak_mbytes="303.66" alloc_mbytes="981.50" gc_seconds="0.02" priority_2="1" priority_1="1">
    <FileStats path="CallGraph.java" bugCount="1" size="66" bugHash="236d4db1b3a1d37982abaa128b5a918e"/>
    <FileStats path="Main.java" bugCount="0" size="19"/>
    <FileStats path="Node.java" bugCount="0" size="27"/>
    <FileStats path="Parser.java" bugCount="1" size="38" bugHash="628a769c37b766d8230ada83c5f55fcc"/>
    <PackageStats package="" total_bugs="2" total_types="4" total_size="150" priority_2="1" priority_1="1">
      <ClassStats class="CallGraph" sourceFile="CallGraph.java" interface="false" size="66" bugs="1" priority_2="1"/>
      <ClassStats class="Main" sourceFile="Main.java" interface="false" size="19" bugs="0"/>
      <ClassStats class="Node" sourceFile="Node.java" interface="false" size="27" bugs="0"/>
      <ClassStats class="Parser" sourceFile="Parser.java" interface="false" size="38" bugs="1" priority_1="1"/>
    </PackageStats>
    <FindBugsProfile>
      <ClassProfile name="edu.umd.cs.findbugs.classfile.engine.ClassInfoAnalysisEngine" totalMilliseconds="196" invocations="354" avgMicrosecondsPerInvocation="553" maxMicrosecondsPerInvocation="16183" standardDeviationMircosecondsPerInvocation="1257"/>
      <ClassProfile name="edu.umd.cs.findbugs.detect.FieldItemSummary" totalMilliseconds="73" invocations="31" avgMicrosecondsPerInvocation="2370" maxMicrosecondsPerInvocation="23047" standardDeviationMircosecondsPerInvocation="4664"/>
      <ClassProfile name="edu.umd.cs.findbugs.OpcodeStack$JumpInfoFactory" totalMilliseconds="57" invocations="107" avgMicrosecondsPerInvocation="541" maxMicrosecondsPerInvocation="5025" standardDeviationMircosecondsPerInvocation="757"/>
      <ClassProfile name="edu.umd.cs.findbugs.classfile.engine.bcel.TypeDataflowFactory" totalMilliseconds="57" invocations="21" avgMicrosecondsPerInvocation="2730" maxMicrosecondsPerInvocation="11892" standardDeviationMircosecondsPerInvocation="3841"/>
      <ClassProfile name="edu.umd.cs.findbugs.classfile.engine.bcel.ValueNumberDataflowFactory" totalMilliseconds="57" invocations="22" avgMicrosecondsPerInvocation="2591" maxMicrosecondsPerInvocation="9661" standardDeviationMircosecondsPerInvocation="3494"/>
      <ClassProfile name="edu.umd.cs.findbugs.classfile.engine.bcel.IsNullValueDataflowFactory" totalMilliseconds="46" invocations="20" avgMicrosecondsPerInvocation="2304" maxMicrosecondsPerInvocation="10725" standardDeviationMircosecondsPerInvocation="3297"/>
      <ClassProfile name="edu.umd.cs.findbugs.classfile.engine.bcel.UnconditionalValueDerefDataflowFactory" totalMilliseconds="43" invocations="20" avgMicrosecondsPerInvocation="2190" maxMicrosecondsPerInvocation="12087" standardDeviationMircosecondsPerInvocation="3408"/>
      <ClassProfile name="edu.umd.cs.findbugs.util.TopologicalSort" totalMilliseconds="41" invocations="322" avgMicrosecondsPerInvocation="128" maxMicrosecondsPerInvocation="2870" standardDeviationMircosecondsPerInvocation="270"/>
      <ClassProfile name="edu.umd.cs.findbugs.classfile.engine.bcel.MethodGenFactory" totalMilliseconds="38" invocations="20" avgMicrosecondsPerInvocation="1909" maxMicrosecondsPerInvocation="30043" standardDeviationMircosecondsPerInvocation="6471"/>
      <ClassProfile name="edu.umd.cs.findbugs.classfile.engine.bcel.JavaClassAnalysisEngine" totalMilliseconds="33" invocations="37" avgMicrosecondsPerInvocation="893" maxMicrosecondsPerInvocation="15409" standardDeviationMircosecondsPerInvocation="2534"/>
      <ClassProfile name="edu.umd.cs.findbugs.ba.npe.NullDerefAndRedundantComparisonFinder" totalMilliseconds="31" invocations="20" avgMicrosecondsPerInvocation="1580" maxMicrosecondsPerInvocation="8913" standardDeviationMircosecondsPerInvocation="2493"/>
      <ClassProfile name="edu.umd.cs.findbugs.classfile.engine.bcel.CFGFactory" totalMilliseconds="28" invocations="20" avgMicrosecondsPerInvocation="1449" maxMicrosecondsPerInvocation="10385" standardDeviationMircosecondsPerInvocation="2290"/>
      <ClassProfile name="edu.umd.cs.findbugs.detect.NoteDirectlyRelevantTypeQualifiers" totalMilliseconds="28" invocations="31" avgMicrosecondsPerInvocation="904" maxMicrosecondsPerInvocation="9794" standardDeviationMircosecondsPerInvocation="1881"/>
      <ClassProfile name="edu.umd.cs.findbugs.detect.BuildObligationPolicyDatabase" totalMilliseconds="24" invocations="31" avgMicrosecondsPerInvocation="799" maxMicrosecondsPerInvocation="7146" standardDeviationMircosecondsPerInvocation="1659"/>
      <ClassProfile name="edu.umd.cs.findbugs.detect.OverridingEqualsNotSymmetrical" totalMilliseconds="22" invocations="31" avgMicrosecondsPerInvocation="719" maxMicrosecondsPerInvocation="10568" standardDeviationMircosecondsPerInvocation="1958"/>
      <ClassProfile name="edu.umd.cs.findbugs.detect.FunctionsThatMightBeMistakenForProcedures" totalMilliseconds="21" invocations="31" avgMicrosecondsPerInvocation="701" maxMicrosecondsPerInvocation="5365" standardDeviationMircosecondsPerInvocation="1453"/>
      <ClassProfile name="edu.umd.cs.findbugs.classfile.engine.bcel.ConstantDataflowFactory" totalMilliseconds="21" invocations="20" avgMicrosecondsPerInvocation="1077" maxMicrosecondsPerInvocation="4359" standardDeviationMircosecondsPerInvocation="1436"/>
      <ClassProfile name="edu.umd.cs.findbugs.detect.HugeSharedStringConstants" totalMilliseconds="21" invocations="4" avgMicrosecondsPerInvocation="5326" maxMicrosecondsPerInvocation="21129" standardDeviationMircosecondsPerInvocation="9123"/>
      <ClassProfile name="edu.umd.cs.findbugs.detect.FindRefComparison$SpecialTypeAnalysis" totalMilliseconds="20" invocations="14" avgMicrosecondsPerInvocation="1495" maxMicrosecondsPerInvocation="7461" standardDeviationMircosecondsPerInvocation="2122"/>
      <ClassProfile name="edu.umd.cs.findbugs.detect.EqualsOperandShouldHaveClassCompatibleWithThis" totalMilliseconds="15" invocations="31" avgMicrosecondsPerInvocation="492" maxMicrosecondsPerInvocation="5651" standardDeviationMircosecondsPerInvocation="1270"/>
      <ClassProfile name="edu.umd.cs.findbugs.detect.ExplicitSerialization" totalMilliseconds="14" invocations="31" avgMicrosecondsPerInvocation="468" maxMicrosecondsPerInvocation="5742" standardDeviationMircosecondsPerInvocation="1412"/>
      <ClassProfile name="edu.umd.cs.findbugs.detect.FindOpenStream" totalMilliseconds="14" invocations="4" avgMicrosecondsPerInvocation="3573" maxMicrosecondsPerInvocation="12540" standardDeviationMircosecondsPerInvocation="5218"/>
    </FindBugsProfile>
  </FindBugsSummary>
  <ClassFeatures></ClassFeatures>
  <History></History>
</BugCollection>
