{
  "header" : {
    "format" : "commit preview report",
    "version" : 2
  },
  "analysisInfo" : {
    "ownerAssignmentRule" : "default_component_owner",
    "comparisonSnapshotId" : null,
    "reportTimestamp" : "2016-03-31T00:26:31.689Z",
    "user" : "admin",
    "command" : "/usr/local/cov-analysis-linux64-8.0.0/bin/cov-analyze --dir /home/ejmcalis/sa_output/intermediate_r00/"
  },
  "issueInfo" : [ {
    "cid" : 10279,
    "mergeKey" : "90c2ada79eee121f46dc1dba7ca09048",
    "presentInComparisonSnapshot" : false,
    "firstDetectedDateTime" : "2016-03-31T00:26:31.689Z",
    "occurrences" : [ {
      "checker" : "RESOURCE_LEAK",
      "file" : "/home/ejmcalis/Parser.java",
      "function" : "Parser.parse()",
      "extra" : "FileReader",
      "mergeWithLowercaseFile" : false,
      "subcategory" : "exceptional_path",
      "mainEventLineNumber" : 51,
      "mainEventDescription" : "Variable \"br\" going out of scope leaks the resource it refers to.",
      "componentName" : "Other",
      "componentDefaultOwner" : null,
      "componentDefaultOwnerLdapServer" : null
    } ],
    "triage" : {
      "severity" : "Unspecified",
      "owner" : null,
      "externalReference" : null,
      "legacy" : "False",
      "fixTarget" : "Untargeted",
      "action" : "Undecided",
      "classification" : "Unclassified"
    },
    "customTriage" : { },
    "ownerLdapServerName" : null
  }, {
    "cid" : 10280,
    "mergeKey" : "34a39f9aecae7a08c8654f70e07294df",
    "presentInComparisonSnapshot" : false,
    "firstDetectedDateTime" : "2016-03-31T00:26:31.689Z",
    "occurrences" : [ {
      "checker" : "UNINTENDED_INTEGER_DIVISION",
      "file" : "/home/ejmcalis/CallGraph.java",
      "function" : "CallGraph.evaluate()",
      "extra" : "v1",
      "mergeWithLowercaseFile" : false,
      "subcategory" : "none",
      "mainEventLineNumber" : 85,
      "mainEventDescription" : "Dividing integer expressions \"(java.lang.Integer)pairs.getValue() * 100\" and \"v1\", and then converting the integer quotient to type \"double\". Any remainder, or fractional part of the quotient, is ignored.",
      "componentName" : "Other",
      "componentDefaultOwner" : null,
      "componentDefaultOwnerLdapServer" : null
    } ],
    "triage" : {
      "severity" : "Unspecified",
      "owner" : null,
      "externalReference" : null,
      "legacy" : "False",
      "fixTarget" : "Untargeted",
      "action" : "Undecided",
      "classification" : "Unclassified"
    },
    "customTriage" : { },
    "ownerLdapServerName" : null
  }, {
    "cid" : 10281,
    "mergeKey" : "7f84fffa81d06adbd0da68031bb15548",
    "presentInComparisonSnapshot" : false,
    "firstDetectedDateTime" : "2016-03-31T00:26:31.689Z",
    "occurrences" : [ {
      "checker" : "UNINTENDED_INTEGER_DIVISION",
      "file" : "/home/ejmcalis/CallGraph.java",
      "function" : "CallGraph.evaluate()",
      "extra" : "v2",
      "mergeWithLowercaseFile" : false,
      "subcategory" : "none",
      "mainEventLineNumber" : 92,
      "mainEventDescription" : "Dividing integer expressions \"(java.lang.Integer)pairs.getValue() * 100\" and \"v2\", and then converting the integer quotient to type \"double\". Any remainder, or fractional part of the quotient, is ignored.",
      "componentName" : "Other",
      "componentDefaultOwner" : null,
      "componentDefaultOwnerLdapServer" : null
    } ],
    "triage" : {
      "severity" : "Unspecified",
      "owner" : null,
      "externalReference" : null,
      "legacy" : "False",
      "fixTarget" : "Untargeted",
      "action" : "Undecided",
      "classification" : "Unclassified"
    },
    "customTriage" : { },
    "ownerLdapServerName" : null
  }, {
    "cid" : 10282,
    "mergeKey" : "1183f56a7fd4b34603f13e704e2ccc95",
    "presentInComparisonSnapshot" : false,
    "firstDetectedDateTime" : "2016-03-31T00:26:31.689Z",
    "occurrences" : [ {
      "checker" : "FB.DM_DEFAULT_ENCODING",
      "file" : "/home/ejmcalis/Parser.java",
      "function" : "Parser.parse()",
      "extra" : "",
      "mergeWithLowercaseFile" : false,
      "subcategory" : "none",
      "mainEventLineNumber" : 15,
      "mainEventDescription" : "Found reliance on default encoding: new java.io.FileReader(String).",
      "componentName" : "Other",
      "componentDefaultOwner" : null,
      "componentDefaultOwnerLdapServer" : null
    } ],
    "triage" : {
      "severity" : "Unspecified",
      "owner" : null,
      "externalReference" : null,
      "legacy" : "False",
      "fixTarget" : "Untargeted",
      "action" : "Undecided",
      "classification" : "Unclassified"
    },
    "customTriage" : { },
    "ownerLdapServerName" : null
  }, {
    "cid" : 10283,
    "mergeKey" : "0d70b0708a2488c0da4f9d5b0b633cb0",
    "presentInComparisonSnapshot" : false,
    "firstDetectedDateTime" : "2016-03-31T00:26:31.689Z",
    "occurrences" : [ {
      "checker" : "FB.URF_UNREAD_FIELD",
      "file" : "/home/ejmcalis/CallGraph.java",
      "function" : "unknown",
      "extra" : "",
      "mergeWithLowercaseFile" : false,
      "subcategory" : "none",
      "mainEventLineNumber" : 17,
      "mainEventDescription" : "Unread field: CallGraph.bugList.",
      "componentName" : "Other",
      "componentDefaultOwner" : null,
      "componentDefaultOwnerLdapServer" : null
    } ],
    "triage" : {
      "severity" : "Unspecified",
      "owner" : null,
      "externalReference" : null,
      "legacy" : "False",
      "fixTarget" : "Untargeted",
      "action" : "Undecided",
      "classification" : "Unclassified"
    },
    "customTriage" : { },
    "ownerLdapServerName" : null
  } ]
}